year,group_dir,palette_hex,palette_proportions,n_images,image_source,avg_hue,avg_saturation,avg_brightness
1970,1970_Kappa_Omega_Tau,#362734;#48394B;#674D60;#97656F;#BF8493;#CBC5FA;#E7AB9F;#6D679F;#9893DD;#672D18,0.2378;0.1659;0.1112;0.0795;0.0762;0.0741;0.0740;0.0638;0.0619;0.0557,8,youtube,0.8559,0.3085,0.5038
1971,1971_Kappa_Omega_Tau,#3F302C;#59453A;#755F51;#7F542B;#A77037;#9A7C66;#C79861;#EFBD7B;#C4A290;#FADAA8,0.2063;0.1807;0.1214;0.1065;0.0843;0.0773;0.0733;0.0646;0.0440;0.0416,8,youtube,0.0665,0.4099,0.5170
1972,1972_Kappa_Omega_Tau,#332A39;#433747;#5C4B5E;#81656D;#A68188;#CC9FA3;#F3C4C4;#6F6398;#968AC9;#C7BEF6,0.2906;0.1874;0.1159;0.0823;0.0747;0.0671;0.0534;0.0456;0.0451;0.0378,7,youtube,0.8213,0.2404,0.4540
1973,1973_Kappa_Omega_Tau,#382D2E;#4B3D45;#6D5A5C;#684C2F;#FCF2C4;#8E7A7B;#E4C598;#BEA171;#977749;#B5A3BA,0.3251;0.1436;0.0926;0.0774;0.0771;0.0717;0.0648;0.0618;0.0497;0.0361,6,youtube,0.0075,0.2533,0.4607
1984,1984_Sigma_Chi,#262C3C;#3F2B27;#563830;#2D3D5B;#765747;#465F88;#9B7D69;#7FA1C3;#9DEBFC;#D5B593,0.2469;0.2438;0.1385;0.1061;0.0792;0.0573;0.0387;0.0369;0.0363;0.0165,8,youtube,0.8496,0.4017,0.3714
1987,1987_Zeta_Tau_Alpha,#40202B;#56364C;#6C4C6E;#86668A;#92836D;#AA9C88;#7C5B54;#1C1A43;#BEBBC7;#2F2B77,0.1823;0.1691;0.1492;0.1284;0.0875;0.0837;0.0759;0.0578;0.0347;0.0315,7,youtube,0.8989,0.3546,0.4363
1988,1988_Kappa_Omega_Tau,#231B41;#3E1F24;#642C25;#452B4C;#302E78;#773E58;#9A2830;#AF7036;#91628E;#CC9EC3,0.2495;0.2165;0.1159;0.1136;0.1014;0.0684;0.0431;0.0369;0.0357;0.0190,6,youtube,0.8560,0.5450,0.3620
1988,1988_Zeta_Tau_Alpha,#17194D;#293271;#3A34AB;#8A2427;#56212D;#C62A3A;#823D66;#705EF6;#D04F9F;#B3DFFB,0.2499;0.2160;0.1168;0.0968;0.0888;0.0787;0.0721;0.0399;0.0254;0.0156,6,youtube,0.7481,0.6656,0.5042
1989,1989_Kappa_Omega_Tau,#3B0F1D;#3B1C2F;#4F273E;#683248;#531325;#79455F;#142E4A;#3B4C63;#9B6780;#687A8C,0.2201;0.1711;0.1450;0.1329;0.1317;0.0730;0.0490;0.0317;0.0267;0.0188,8,youtube,0.9102,0.5918,0.3202
1989,1989_Zeta_Tau_Alpha,#3B1931;#502B3F;#1B173F;#453069;#212959;#6F3E56;#474B87;#8F53AE;#79448A;#7A86A2,0.1755;0.1633;0.1549;0.1201;0.1108;0.0958;0.0578;0.0535;0.0510;0.0174,7,youtube,0.7869,0.5377,0.3657
1990,1990_Kappa_Omega_Tau,#201C46;#6B503E;#48362F;#411A15;#8A6B54;#26227E;#36524F;#4E5A89;#AC8E78;#B8B8CA,0.1593;0.1414;0.1351;0.1244;0.1207;0.1023;0.0940;0.0515;0.0508;0.0205,6,youtube,0.9483,0.4796,0.3972
1990,1990_Pi_Beta_Phi,#292748;#411A13;#642011;#554348;#963428;#A7674E;#D9896E;#2F3BBD;#8090ED;#656391,0.2452;0.1827;0.1315;0.1085;0.0896;0.0658;0.0484;0.0473;0.0457;0.0353,8,youtube,0.9134,0.5662,0.4381
1992,1992_Kappa_Omega_Tau,#451001;#5F2E09;#402911;#523D2D;#774911;#725936;#8D7452;#A46D24;#1B1E45;#BD9B75,0.2095;0.1481;0.1289;0.1168;0.1125;0.1098;0.0629;0.0421;0.0419;0.0274,4,youtube,0.0708,0.7373,0.3769
1993,1993_Kappa_Omega_Tau,#3B2420;#4E2720;#63261F;#7B2720;#64402C;#2D233C;#9D2B27;#83573E;#3E326A;#D23B36,0.2396;0.2298;0.1742;0.1116;0.0813;0.0583;0.0458;0.0327;0.0144;0.0123,5,youtube,0.0129,0.5856,0.3539
1993,1993_Phi_Gamma_Delta,#382B34;#694757;#513843;#7D5C6C;#4B355C;#96717F;#61467B;#AF8B9D;#726BA6;#C8ADCC,0.2400;0.1512;0.1496;0.1261;0.0874;0.0793;0.0599;0.0471;0.0332;0.0263,4,youtube,0.8824,0.2920,0.4063
1993,1993_Phi_Kappa_Chi,#362730;#562B31;#734B50;#7E2F30;#926368;#B93933;#4B3F78;#ED605B;#BA8688;#E6AEAB,0.2505;0.2009;0.1259;0.0907;0.0907;0.0638;0.0614;0.0505;0.0362;0.0294,8,youtube,0.9541,0.4241,0.4494
1994,1994_Phi_Gamma_Delta,#3C3629;#5F6571;#494F54;#9297B9;#7B8298;#69543A;#9A885B;#E5E983;#5EBA6C;#145C1D,0.4897;0.1109;0.0924;0.0884;0.0687;0.0615;0.0318;0.0247;0.0183;0.0135,5,youtube,0.1359,0.2876,0.3853
1994,1994_Phi_Kappa_Chi,#563D40;#3D302D;#2E3040;#775759;#97726C;#415E6C;#736B9C;#C4A293;#BEEBEE;#86B3BA,0.2057;0.1769;0.1673;0.1239;0.1237;0.0547;0.0510;0.0351;0.0335;0.0281,8,youtube,0.9375,0.2830,0.4179
1995,1995_Phi_Gamma_Delta,#1E223C;#3A2520;#4A2E2A;#5F3630;#2C2D58;#6D4F47;#916B61;#7075B6;#4E5280;#C9A09C,0.2517;0.1983;0.1597;0.1469;0.0849;0.0801;0.0337;0.0191;0.0176;0.0080,6,youtube,0.9272,0.4540,0.3168
1995,1995_Phi_Kappa_Chi,#202640;#3E2A28;#5E3F39;#3D354A;#55486A;#785C54;#6F5D87;#2B3D76;#9D7F72;#CAAD9B,0.2541;0.1906;0.1161;0.1118;0.0765;0.0759;0.0698;0.0445;0.0445;0.0161,7,youtube,0.8257,0.3854,0.3506
1996,1996_Kappa_Alpha_Theta,#3C2E17;#4D3618;#67441C;#4C4129;#675537;#7F6A4A;#855F2A;#9D886F;#B77E3A;#E0BA8E,0.3801;0.1985;0.1082;0.0951;0.0821;0.0538;0.0477;0.0145;0.0115;0.0086,6,youtube,0.1003,0.6022,0.3309
1996,1996_Phi_Gamma_Delta,#3A270E;#4B2C0B;#583915;#6D3B09;#6C4920;#8A5010;#A8681E;#836034;#BD823D;#E3AF6D,0.2634;0.1870;0.1597;0.1023;0.0903;0.0813;0.0464;0.0369;0.0239;0.0087,4,youtube,0.0896,0.7914,0.3710
1997,1997_Kappa_Omega_Tau,#372522;#472825;#534237;#54302B;#3A3532;#615245;#474A56;#6C635F;#917D6E;#FAE2AA,0.2366;0.1726;0.1428;0.1341;0.1221;0.0804;0.0506;0.0473;0.0105;0.0030,3,youtube,0.0346,0.3447,0.2941
1997,1997_Zeta_Tau_Alpha,#212A3E;#28365A;#40322A;#314774;#3D5A8F;#4D6EAA;#547ECF;#8AAEF2;#7492CE;#6B5650,0.2333;0.1375;0.1306;0.1167;0.1029;0.0916;0.0662;0.0533;0.0435;0.0246,3,youtube,0.6248,0.4943,0.4595
1998,1998_Kappa_Omega_Tau,#1D1B3F;#46150B;#403561;#642D27;#84504C;#A67371;#D39894;#655997;#F1C2C7;#9A8BD0,0.1593;0.1486;0.1246;0.1147;0.1093;0.1060;0.0754;0.0672;0.0509;0.0439,8,youtube,0.9041,0.4976,0.4842
1999,1999_Zeta_Tau_Alpha,#1D1B41;#352434;#3F2F47;#2A2867;#523F58;#68526F;#816B8C;#9A86AE;#38408C;#B9A7D6,0.2053;0.1771;0.1575;0.1106;0.1104;0.0716;0.0573;0.0449;0.0365;0.0289,6,youtube,0.7525,0.3998,0.3533
2000,2000_Kappa_Omega_Tau,#453932;#412419;#142341;#675145;#683724;#8F5C35;#896D65;#3F496B;#BD8547;#B79A90,0.1728;0.1537;0.1507;0.1274;0.1207;0.0792;0.0619;0.0507;0.0484;0.0345,7,youtube,0.0365,0.4920,0.3846
2000,2000_Zeta_Tau_Alpha,#6B5546;#392C27;#534038;#80635D;#601D1B;#9D7A78;#BA9896;#95262C;#E6C7B9;#BCB1DB,0.1819;0.1800;0.1474;0.1239;0.1022;0.0975;0.0608;0.0536;0.0317;0.0209,7,youtube,0.0322,0.3600,0.4474
2002,2002_Chi_Omega,#3B3529;#272D3D;#59453B;#404556;#765A53;#5C6173;#451834;#7B8395;#9B6D7E;#B4A4BF,0.1839;0.1655;0.1505;0.1127;0.1069;0.0746;0.0572;0.0556;0.0535;0.0395,7,youtube,0.8775,0.3105,0.3659
2002,2002_Delta_Delta_Delta,#273B3B;#514235;#3F2F1C;#695B47;#83715A;#6D5125;#A38E75;#2D6D5F;#50A398;#D2C3A3,0.2090;0.1978;0.1915;0.1289;0.0883;0.0832;0.0388;0.0334;0.0155;0.0136,7,youtube,0.1333,0.4115,0.3527
2002,2002_Kappa_Alpha_Theta,#6E5033;#402814;#96785D;#5A3D21;#7F644A;#AD8D77;#3B343C;#CDAA94;#F0D2BA;#595073,0.1539;0.1403;0.1389;0.1350;0.1306;0.0918;0.0887;0.0496;0.0378;0.0335,7,youtube,0.0565,0.4447,0.4697
2002,2002_Kappa_Kappa_Gamma,#372F3F;#3F2224;#4A405E;#573F42;#69586D;#431010;#21193C;#89768A;#8A2D2D;#B9AAB9,0.2057;0.1726;0.1135;0.1096;0.1061;0.1018;0.1004;0.0580;0.0179;0.0144,7,youtube,0.8465,0.3763,0.3199
2002,2002_Kappa_Omega_Tau,#42281E;#624234;#7F5C4E;#9E736E;#F1B0BF;#CC918F;#2F3144;#54566F;#B58140;#8384A4,0.1683;0.1569;0.1563;0.1258;0.0901;0.0895;0.0852;0.0520;0.0440;0.0318,5,youtube,0.0054,0.3889,0.5135
2002,2002_Kappa_Sigma,#0F223D;#172C50;#450C02;#483F4D;#6E5667;#382C33;#917489;#203B76;#2F57A7;#BEB2C8,0.1751;0.1425;0.1394;0.1316;0.1040;0.1025;0.0752;0.0668;0.0446;0.0184,4,youtube,0.7594,0.5353,0.3487
2002,2002_Pi_Beta_Phi,#44322F;#624D43;#826554;#401D10;#A27E6B;#C29985;#11453E;#743523;#E7C3B7;#3D7683,0.1833;0.1531;0.1360;0.1230;0.1207;0.0868;0.0725;0.0639;0.0307;0.0300,8,youtube,0.0533,0.4353,0.4426
2003,2003_Kappa_Kappa_Gamma_and_Kappa_Sigma,#41241F;#5C322A;#734D3F;#8E6552;#500907;#AD8474;#083658;#D6B09C;#245D8E;#A8B4DA,0.2102;0.1764;0.1526;0.1153;0.1108;0.0882;0.0527;0.0466;0.0246;0.0226,7,youtube,0.0272,0.5378,0.4352
2003,2003_Kappa_Omega_Tau,#352F2D;#4A3D35;#625147;#43221C;#836756;#723529;#A6846E;#363A5F;#CDA286;#F4CFB5,0.2285;0.1992;0.1239;0.1115;0.0925;0.0670;0.0657;0.0449;0.0421;0.0247,5,youtube,0.0469,0.3273,0.3767
2004,2004_Phi_Kappa_Chi,#45291F;#202249;#856349;#52485E;#8D1C11;#7777AB;#AC8D7A;#1728A0;#C0B9CD;#E8230D,0.2391;0.1530;0.1158;0.1127;0.0858;0.0762;0.0658;0.0551;0.0497;0.0468,8,youtube,0.9045,0.5102,0.4704
2005,2005_Alpha_Tau_Omega_and_Kappa_Chi_Alpha,#3B3022;#21353E;#484B39;#64634B;#205E6D;#797B70;#5E150F;#9A9D9D;#A91713;#B8CAD9,0.1855;0.1761;0.1491;0.1256;0.0850;0.0806;0.0728;0.0450;0.0427;0.0377,7,youtube,0.2108,0.4010,0.3689
2005,2005_Delta_Delta_Delta,#3D2118;#4C3F2D;#292B48;#775C3C;#662A1D;#A5815E;#A93529;#DCB898;#448676;#D6C72B,0.2999;0.1441;0.1399;0.1098;0.1062;0.0719;0.0367;0.0366;0.0301;0.0248,8,youtube,0.0490,0.5360,0.3870
2005,2005_Kappa_Alpha_Theta,#393421;#1A2740;#61460A;#735645;#621C1C;#33555D;#AAE8FC;#54759C;#B48B79;#81B4EE,0.2154;0.1617;0.1324;0.1078;0.0914;0.0778;0.0696;0.0515;0.0474;0.0449,8,youtube,0.1144,0.5316,0.4269
2006,2006_Kappa_Kappa_Gamma,#392F2C;#663C26;#7D5D4E;#AD8613;#E9C128;#3C4069;#5A6EA6;#A98269;#90BCD7;#DEBD96,0.1925;0.1579;0.1301;0.1156;0.1045;0.0980;0.0697;0.0678;0.0397;0.0241,8,youtube,0.0553,0.5019,0.5291
2006,2006_Kappa_Omega_Tau,#2B2C77;#222844;#44311F;#BC3604;#8A2F06;#2638AB;#6A5C4A;#178572;#21C797;#C0B395,0.1672;0.1635;0.1464;0.1179;0.1069;0.1020;0.0658;0.0575;0.0539;0.0190,7,youtube,0.8051,0.6817,0.4875
2006,2006_Sing_Alliance,#7D7EF7;#3B372D;#595F47;#323B71;#5F76A0;#9E3C25;#A77059;#E87F7B;#F8B7BE;#A5C2DC,0.1600;0.1528;0.1465;0.1220;0.0963;0.0744;0.0715;0.0706;0.0613;0.0446,6,youtube,0.9616,0.4102,0.6147
2007,2007_Delta_Delta_Delta,#422318;#214D34;#3B7C60;#772218;#6F543A;#56B89E;#80B268;#C2372C;#B58362;#B8E28D,0.2737;0.1691;0.1400;0.1049;0.0864;0.0532;0.0459;0.0448;0.0444;0.0377,7,youtube,0.1757,0.5857,0.4459
2007,2007_Kappa_Kappa_Gamma,#3F2E1D;#6D4E1F;#7C654E;#52473A;#97771B;#702315;#AB8B6F;#AF3220;#E6C396;#D7B82C,0.2299;0.1541;0.1367;0.1075;0.0957;0.0791;0.0751;0.0474;0.0409;0.0336,7,youtube,0.0850,0.5654,0.4633
2007,2007_Kappa_Sigma,#2E383F;#4B2D2F;#424E59;#604E3F;#305983;#9C6A6C;#58798F;#AA3F24;#BCB6BA;#E6A82D,0.2661;0.1875;0.1507;0.1151;0.0773;0.0742;0.0468;0.0335;0.0275;0.0213,8,youtube,0.7115,0.3605,0.3900
2007,2007_Sing_Alliance,#423122;#554834;#252E3E;#705E4A;#8B7762;#A7927C;#95B8C1;#759396;#436B57;#CFB69C,0.2075;0.1543;0.1534;0.1375;0.1208;0.0835;0.0399;0.0398;0.0365;0.0266,8,youtube,0.1013,0.3643,0.4140
2008,2008_Kappa_Kappa_Gamma_and_Kappa_Sigma,#432127;#F3DFAF;#5B4044;#E2C78F;#232B46;#14358B;#856F69;#BC9044;#4B7999;#DEDD43,0.2203;0.2130;0.1213;0.1025;0.1020;0.0646;0.0591;0.0520;0.0448;0.0202,8,youtube,0.0232,0.4340,0.5719
2008,2008_Kappa_Omega_Tau,#3E241A;#4A393A;#22333E;#612B1C;#775643;#333B7A;#9A7E6B;#196D70;#CEB399;#42D8D1,0.3124;0.1679;0.1267;0.1210;0.1019;0.0582;0.0494;0.0333;0.0247;0.0046,7,youtube,0.0224,0.4921,0.3452
2009,2009_Alpha_Tau_Omega,#3F271E;#252744;#583E33;#775B3C;#453866;#968466;#6E1F13;#4F6698;#C8BC9F;#BEB010,0.1805;0.1749;0.1623;0.1556;0.0922;0.0705;0.0559;0.0470;0.0430;0.0182,7,youtube,0.0037,0.4781,0.3976
2009,2009_Kappa_Omega_Tau,#363829;#454838;#63604A;#2A2641;#8F7B57;#3A3A65;#CD9E68;#54688E;#D8D1A6;#A39F89,0.3088;0.2137;0.1105;0.1023;0.0682;0.0668;0.0341;0.0337;0.0315;0.0304,7,youtube,0.1712,0.2984,0.3541
2009,2009_Sing_Alliance,#3D2B1E;#51463A;#212A45;#7F6547;#215A33;#A18C70;#773118;#1F377B;#4E6070;#D2C8AE,0.2375;0.1511;0.1448;0.1015;0.0938;0.0656;0.0655;0.0537;0.0503;0.0362,7,youtube,0.0933,0.4772,0.3775
2010,2010_Kappa_Omega_Tau,#3D361C;#2A6D40;#775829;#152352;#234288;#A3756A;#55BC7C;#C1AB26;#F7E065;#D42516,0.1688;0.1560;0.1544;0.1316;0.1106;0.1047;0.0841;0.0376;0.0366;0.0157,8,youtube,0.2248,0.6170,0.4863
2010,2010_Sing_Alliance,#3D2D1A;#3D3A37;#65533F;#5E3C25;#856D4F;#4D525C;#AC8D62;#D3B586;#F6E3B8;#D73C37,0.2190;0.1834;0.1659;0.1132;0.0971;0.0641;0.0508;0.0403;0.0380;0.0281,6,youtube,0.0835,0.3917,0.4055
2011,2011_Alpha_Tau_Omega,#24313D;#443431;#09193F;#3D4C61;#6B5250;#566C8C;#4C1418;#947376;#8A1F2E;#ADB6CB,0.3020;0.1473;0.1064;0.1048;0.0895;0.0792;0.0567;0.0506;0.0456;0.0180,8,youtube,0.6926,0.4392,0.3439
2011,2011_Chi_Omega_and_Phi_Kappa_Chi,#422324;#59473D;#1F2740;#7D5F55;#2F4667;#A18173;#DD3F40;#8F191D;#4376A1;#D8B9A1,0.2495;0.1999;0.1469;0.1136;0.0742;0.0654;0.0500;0.0407;0.0315;0.0282,7,youtube,0.9889,0.4461,0.4081
2011,2011_Delta_Delta_Delta,#373232;#3F1A17;#543E3E;#705452;#8B6D68;#43635B;#AE8E84;#6E1723;#649494;#B2D4E3,0.2127;0.1711;0.1665;0.1226;0.0955;0.0828;0.0483;0.0442;0.0399;0.0164,8,youtube,0.0128,0.3183,0.3708
2011,2011_Kappa_Alpha_Theta,#1C3927;#473523;#5D5F42;#828C63;#114168;#195D34;#3D6987;#5DA7D8;#0B94F6;#B2C493,0.2011;0.1642;0.1577;0.1022;0.0997;0.0851;0.0659;0.0533;0.0371;0.0338,8,youtube,0.3263,0.5196,0.4190
2011,2011_Kappa_Kappa_Gamma,#45352B;#421B12;#695746;#2D3748;#997D60;#445566;#62838B;#CCB975;#8FACC8;#802B25,0.2012;0.1721;0.1620;0.1343;0.0895;0.0702;0.0600;0.0454;0.0350;0.0303,8,youtube,0.0510,0.4307,0.3971
2011,2011_Kappa_Omega_Tau,#431512;#60221D;#392734;#543F43;#9D695E;#825133;#6C5B61;#BA8D7C;#9C2732;#F1C79D,0.2352;0.1585;0.1283;0.1094;0.1055;0.0785;0.0610;0.0590;0.0357;0.0288,7,youtube,0.9954,0.5067,0.4091
2011,2011_Kappa_Sigma,#294335;#41342A;#3D251A;#242B40;#3B4855;#58483D;#726558;#8B8576;#853731;#BDA69C,0.2335;0.2010;0.1321;0.1297;0.0845;0.0809;0.0599;0.0482;0.0176;0.0126,8,youtube,0.1641,0.3792,0.3044
2011,2011_Pi_Beta_Phi,#4A1550;#3E282D;#2E173E;#563D43;#461417;#76585C;#5C2564;#781A25;#947B7D;#BAADA9,0.2429;0.1502;0.1418;0.1024;0.0816;0.0742;0.0707;0.0583;0.0504;0.0277,8,youtube,0.8969,0.5297,0.3430
2012,2012_Alpha_Chi_Omega,#3F2422;#513937;#71544A;#232047;#977168;#7D1E22;#5A486C;#2F3988;#C69E8F;#516FEA,0.2427;0.2015;0.1348;0.1269;0.0931;0.0599;0.0506;0.0431;0.0320;0.0153,8,youtube,0.9723,0.4312,0.3869
2012,2012_Chi_Omega,#471712;#573E2F;#3E3026;#5B5B47;#837056;#823E37;#A6897A;#81A89E;#BFDCE5;#D7B994,0.2024;0.1758;0.1640;0.1278;0.1130;0.0688;0.0618;0.0313;0.0292;0.0259,8,youtube,0.0731,0.4386,0.4038
2012,2012_Delta_Delta_Delta_and_Alpha_Tau_Omega,#3A2B1F;#463F33;#243639;#5E4E42;#7F6855;#D86330;#978F7C;#4E6A63;#7C3B1E;#C3C2AD,0.2288;0.1924;0.1597;0.1265;0.0745;0.0555;0.0543;0.0467;0.0404;0.0212,8,youtube,0.1077,0.3781,0.3588
2012,2012_Kappa_Kappa_Gamma_and_Kappa_Sigma,#403029;#5C4136;#44100E;#695454;#25263E;#906869;#AC808C;#6B120E;#6579A1;#C6AEB1,0.1979;0.1744;0.1226;0.1225;0.1220;0.0834;0.0744;0.0537;0.0285;0.0208,8,youtube,0.9944,0.4161,0.3793
2012,2012_Kappa_Omega_Tau,#3D2326;#513738;#1F2344;#554464;#765447;#6D6F89;#9F7869;#293A83;#9252AA;#C7A7A7,0.2200;0.2005;0.1257;0.1155;0.0999;0.0708;0.0672;0.0380;0.0325;0.0299,8,youtube,0.9061,0.3883,0.3858
2012,2012_Phi_Gamma_Delta,#3A3125;#293143;#524039;#715549;#48566D;#967567;#CDC053;#968736;#5C611F;#BAA7A9,0.2568;0.2185;0.1940;0.0733;0.0648;0.0567;0.0522;0.0343;0.0325;0.0168,8,youtube,0.0594,0.3795,0.3585
2012,2012_Phi_Kappa_Chi,#161E45;#7F2C1B;#323A68;#441614;#8B5943;#433638;#A67E67;#DD967C;#D0604A;#F5C7AD,0.2458;0.1328;0.1196;0.1134;0.1042;0.0870;0.0734;0.0556;0.0448;0.0234,8,youtube,0.9319,0.5730,0.4463
2012,2012_Pi_Beta_Phi,#1E1C41;#3F3733;#2E2F5B;#45546B;#657C93;#3B181C;#6B564B;#909EBC;#A78771;#2B54B3,0.1973;0.1965;0.1687;0.1143;0.0767;0.0764;0.0744;0.0388;0.0305;0.0264,8,youtube,0.7389,0.4043,0.3673
2013,2013_Alpha_Tau_Omega,#4C1B1E;#5A5350;#183055;#9A7C63;#923012;#D9471C;#BE95AD;#E4854D;#E3CE97;#775497,0.2682;0.1556;0.1346;0.1056;0.0960;0.0610;0.0546;0.0465;0.0451;0.0328,5,bing,0.0051,0.5340,0.4922
2013,2013_Chi_Omega_and_Phi_Gamma_Delta,#452625;#6D5159;#A17A80;#7D103C;#CE094D;#D796A6;#A03370;#E8D3C6;#E03F8A;#1B2D57,0.1471;0.1215;0.1182;0.1117;0.1096;0.1016;0.0760;0.0747;0.0739;0.0657,7,youtube,0.9531,0.5222,0.5983
2013,2013_Kappa_Omega_Tau,#381A2E;#473E5F;#821325;#DB34C2;#D32340;#EE5761;#961F7E;#8D626B;#D3ABAA;#2154B9,0.2308;0.1741;0.1301;0.0980;0.0936;0.0788;0.0654;0.0614;0.0346;0.0332,7,youtube,0.8876,0.6026,0.5422
2013,2013_Kappa_Sigma,#521E25;#D11540;#951329;#251B51;#87555A;#0D56E5;#073294;#DF3678;#6D22A9;#D5A89B,0.1678;0.1399;0.1303;0.1158;0.0954;0.0872;0.0842;0.0810;0.0500;0.0483,7,youtube,0.8933,0.7355,0.6036
2013,2013_Phi_Kappa_Chi,#7B91B8;#313A40;#4F2C1C;#795037;#AA7350;#5363AA;#D79B72;#F0C4A7;#AAB1E3;#C02D1B,0.1532;0.1332;0.1209;0.1136;0.1075;0.1061;0.0932;0.0807;0.0703;0.0215,4,bing,0.9140,0.4376,0.6109
2013,2013_Pi_Beta_Phi,#442832;#812E34;#EED7B1;#125361;#CC9E87;#9B3B8F;#573D85;#8A6E53;#D5523D;#107EB7,0.1700;0.1378;0.1201;0.1024;0.0971;0.0850;0.0817;0.0804;0.0716;0.0538,8,youtube,0.9685,0.5348,0.5800
2013,2013_Sing_Alliance,#402720;#E8B0B1;#930832;#D70F50;#B3DFE7;#C38374;#F7EBAA;#92B8A7;#6E5F58;#2592CA,0.2574;0.1059;0.0981;0.0937;0.0882;0.0830;0.0785;0.0712;0.0621;0.0619,8,youtube,0.0269,0.4898,0.6431
2013,2013_Zeta_Tau_Alpha,#AC8479;#CDA59D;#7B6254;#4F2B31;#921D95;#EED6B5;#C23EDD;#1B1957;#2A3599;#2E65E1,0.1642;0.1503;0.1242;0.1145;0.1090;0.0850;0.0814;0.0604;0.0586;0.0523,7,youtube,0.9547,0.4693,0.6425
2014,2014_Alpha_Chi_Omega,#3E2827;#5C2F38;#400C0D;#650913;#6D4D49;#8A6662;#8E111F;#A88A80;#D03C3C;#D6B5A9,0.2058;0.1809;0.1626;0.1056;0.0940;0.0863;0.0586;0.0542;0.0264;0.0256,8,youtube,0.9985,0.5378,0.3962
2014,2014_Alpha_Tau_Omega,#482621;#6C4D38;#13374F;#8D7269;#4A5E5D;#BA9A8F;#C74519;#E18E4F;#E5CBB4;#6BC4A3,0.1660;0.1440;0.1430;0.1235;0.1044;0.0943;0.0672;0.0664;0.0619;0.0293,5,bing,0.0616,0.4718,0.5169
2014,2014_Delta_Delta_Delta,#6F3B35;#123C44;#431A15;#A95752;#F66170;#3E5786;#03F1F2;#E9B4A0;#07949A;#4E85DA,0.1728;0.1619;0.1544;0.1175;0.1137;0.0764;0.0586;0.0578;0.0438;0.0432,8,youtube,0.9659,0.6312,0.5584
2014,2014_Kappa_Alpha_Theta,#1F43B6;#3D75ED;#152467;#872F4E;#B32199;#531B28;#88C6F7;#B77A6F;#E960BC;#F0BAC0,0.1669;0.1657;0.1232;0.1132;0.0968;0.0913;0.0840;0.0568;0.0549;0.0471,8,youtube,0.7513,0.6770,0.6972
2014,2014_Kappa_Kappa_Gamma,#41323D;#794441;#4F1A1E;#A06C5E;#D3927E;#E03351;#6B5A9D;#9594DA;#EFD0B2;#E051AD,0.1866;0.1619;0.1283;0.1216;0.1063;0.0793;0.0699;0.0499;0.0498;0.0465,8,youtube,0.9575,0.4465,0.5712
2014,2014_Kappa_Omega_Tau,#3E2120;#114025;#5E282C;#4C433B;#2B2340;#74615E;#45355B;#853940;#A1867E;#D4B8AA,0.2121;0.1247;0.1210;0.1139;0.1098;0.0881;0.0755;0.0647;0.0573;0.0330,8,youtube,0.9916,0.4431,0.3533
2014,2014_Kappa_Sigma,#74434E;#492B32;#9A6370;#5050A2;#353479;#746FC4;#161947;#CA8C9E;#EFBBD7;#9A93E2,0.1443;0.1186;0.1179;0.1109;0.1012;0.0991;0.0919;0.0788;0.0784;0.0590,8,youtube,0.8253,0.4339,0.5791
2014,2014_Pi_Beta_Phi_and_Phi_Kappa_Chi,#402B31;#9A7570;#6B4C53;#D79B8C;#EFD5C4;#9F2E33;#D1625B;#606A95;#D75CAD;#61B3DD,0.1738;0.1640;0.1553;0.1251;0.0854;0.0840;0.0805;0.0587;0.0509;0.0222,8,youtube,0.9827,0.3734,0.6082
2015,2015_Alpha_Tau_Omega,#492733;#131B5A;#7D5F65;#881A67;#8B1420;#B59CA5;#2545B7;#822CC0;#E91C51;#E428C4,0.1989;0.1422;0.1356;0.1145;0.1125;0.0777;0.0764;0.0645;0.0389;0.0388,8,youtube,0.8792,0.6139,0.5247
2015,2015_Chi_Omega,#694638;#4C1C13;#91695E;#303259;#C69283;#5061B1;#EF1A51;#F0D3B5;#A5171F;#DD4CE2,0.1599;0.1529;0.1321;0.1024;0.0968;0.0914;0.0799;0.0730;0.0651;0.0465,8,youtube,0.9850,0.5418,0.5878
2015,2015_Delta_Delta_Delta,#244D42;#0F2958;#0E3A93;#422B27;#227369;#65534B;#90796D;#0FB395;#7C1215;#C8B19E,0.1597;0.1586;0.1256;0.1075;0.1069;0.1019;0.0854;0.0588;0.0585;0.0372,7,youtube,0.5162,0.6081,0.4389
2015,2015_Kappa_Kappa_Gamma,#3D2357;#3D1C29;#1F4D34;#543F7E;#5E4244;#976A6D;#2AA06E;#A04CA6;#5B7BCB;#D7B5A8,0.1786;0.1665;0.1446;0.1408;0.1316;0.0658;0.0501;0.0481;0.0396;0.0342,8,youtube,0.8248,0.5048,0.4247
2015,2015_Kappa_Omega_Tau,#4F292B;#744F5B;#A7858D;#E8BCB5;#EF7071;#6093E6;#29285C;#4150B8;#C4333F;#7BE0FA,0.1887;0.1450;0.1334;0.1295;0.0796;0.0771;0.0736;0.0650;0.0643;0.0438,8,youtube,0.9316,0.4333,0.6395
2015,2015_Kappa_Sigma,#3E3134;#534950;#191E4F;#41160F;#6B210F;#786465;#21398C;#904A2B;#A08786;#D1B4AD,0.2175;0.1372;0.1258;0.1175;0.0835;0.0820;0.0811;0.0627;0.0594;0.0332,8,youtube,0.9394,0.4454,0.3845
2015,2015_Phi_Kappa_Chi,#482219;#6F4238;#947162;#AB4C43;#D58A80;#213949;#3B5B7D;#ECC5B1;#6A7EB3;#B8AFE7,0.2118;0.1895;0.1093;0.1075;0.0999;0.0743;0.0686;0.0547;0.0521;0.0323,7,youtube,0.0058,0.4940,0.5326
2015,2015_Pi_Beta_Phi,#4B3331;#5F4C4D;#42191A;#816769;#8E3749;#B28583;#E2AEB6;#CF546F;#21223F;#838FB4,0.2110;0.1609;0.1392;0.1330;0.0820;0.0805;0.0525;0.0510;0.0468;0.0430,8,youtube,0.9794,0.3665,0.4570
2016,2016_Alpha_Chi_Omega,#3C3234;#9A6165;#54191B;#6D4C49;#514D73;#E37583;#A2878E;#982531;#E23252;#E6BAB5,0.1773;0.1341;0.1271;0.1255;0.0889;0.0843;0.0830;0.0769;0.0528;0.0501,8,youtube,0.9694,0.4040,0.5239
2016,2016_Alpha_Delta_Pi,#4D1A22;#282854;#DD085F;#344384;#762D78;#AC0835;#B66A60;#7B483C;#C48DA3;#F4D69F,0.1522;0.1372;0.1207;0.1140;0.1084;0.1052;0.1031;0.0922;0.0350;0.0320,8,youtube,0.9017,0.6430,0.5523
2016,2016_Alpha_Tau_Omega,#4A241D;#977765;#79482C;#545B5A;#C8A18A;#163654;#E4D1BA;#D04B21;#E6994F;#7EB5AC,0.1686;0.1339;0.1301;0.1280;0.1037;0.0979;0.0753;0.0627;0.0593;0.0405,5,bing,0.0775,0.4618,0.5499
2016,2016_Baylor_Chamber_of_Commerce,#083824;#8B7857;#543D31;#BCA285;#E6CFB9;#0E0C41;#447924;#4D3189;#A776D2;#EEC246,0.3539;0.1253;0.1024;0.1022;0.0933;0.0920;0.0467;0.0450;0.0224;0.0168,5,bing,0.2514,0.5994,0.4432
2016,2016_Beta_Theta_Pi,#472016;#322759;#986D56;#6A4539;#C8966D;#E0BCAB;#97261A;#D74082;#7A69CF;#17825E,0.2144;0.1667;0.1373;0.1331;0.1199;0.0671;0.0549;0.0421;0.0385;0.0260,5,bing,0.0012,0.5486,0.5205
2016,2016_Chi_Omega,#46211C;#E6BD6C;#B78B4E;#FBEFA6;#7A5738;#E2274F;#A83B71;#871334;#D271A6;#1B426B,0.1842;0.1396;0.1369;0.1133;0.1038;0.0951;0.0681;0.0681;0.0560;0.0349,8,youtube,0.0400,0.5910,0.6619
2016,2016_Delta_Delta_Delta,#891916;#4A171F;#BD3810;#743541;#BA1943;#985F69;#CF7D33;#B695A7;#BA22A3;#3A609F,0.1685;0.1670;0.1348;0.1291;0.1037;0.0950;0.0658;0.0636;0.0388;0.0337,7,youtube,0.9796,0.6897,0.5780
2016,2016_Delta_Tau_Delta,#CCA694;#A68D7D;#916C59;#412D29;#E4C7B6;#B1C2E3;#6A4D41;#CC8462;#7E9CC7;#40658E,0.1418;0.1250;0.1226;0.1214;0.1167;0.0988;0.0983;0.0833;0.0579;0.0340,5,bing,0.0376,0.3286,0.6595
2016,2016_Kappa_Alpha_Theta_and_Sigma_Chi,#76525B;#533D49;#40252F;#8D6C73;#AE848C;#D698A3;#7B303E;#F4C4CB;#BA5268;#C0CFAA,0.1518;0.1402;0.1373;0.1252;0.1129;0.0915;0.0831;0.0706;0.0615;0.0260,7,youtube,0.9584,0.3280,0.5469
2016,2016_Kappa_Chi_Alpha_and_Beta_Upsilon_Chi,#991E2F;#3A2932;#544256;#745D78;#92799B;#C89096;#B1646D;#943D4A;#E4BDC6;#B49CC0,0.5226;0.0735;0.0652;0.0613;0.0573;0.0536;0.0466;0.0431;0.0393;0.0374,2,bing,0.9362,0.5575,0.5787
2016,2016_Kappa_Kappa_Gamma_and_Kappa_Sigma,#5E3C40;#3B2E2F;#7B5158;#946B6D;#AD8686;#C9A2A3;#45102D;#97448E;#712661;#E9C5C2,0.1526;0.1339;0.1294;0.1199;0.1189;0.0834;0.0722;0.0678;0.0671;0.0545,8,youtube,0.9667,0.3516,0.5050
2016,2016_Kappa_Omega_Tau,#3A2B35;#42200D;#553B52;#7B0408;#6D4C28;#7A5871;#AB7E58;#A9879B;#D0031F;#E1BAAF,0.2383;0.1952;0.1139;0.1018;0.0929;0.0801;0.0526;0.0464;0.0455;0.0333,7,youtube,0.9652,0.5199,0.4023
2016,2016_Phi_Gamma_Delta,#4F2B27;#8E2133;#805751;#4E3188;#1E114F;#D02552;#DB7887;#9953D4;#E6B1CF;#5526DE,0.2079;0.1470;0.1180;0.1162;0.1060;0.0938;0.0580;0.0556;0.0497;0.0479,8,youtube,0.9120,0.6072,0.5593
2016,2016_Phi_Kappa_Chi,#3E222C;#1C2044;#543B3A;#3C3355;#2A3D7C;#6D5656;#9B7170;#772956;#695BB3;#D0B7AB,0.2102;0.1648;0.1291;0.1282;0.1132;0.0930;0.0585;0.0510;0.0368;0.0152,8,youtube,0.8438,0.4480,0.3727
2016,2016_Pi_Beta_Phi,#452D2D;#71494C;#8E726C;#B6998D;#222D46;#434F6F;#DAC9C3;#CF3F80;#F469D3;#6A7FDA,0.1780;0.1779;0.1574;0.1208;0.0949;0.0690;0.0687;0.0570;0.0399;0.0364,8,youtube,0.9691,0.3543,0.5313
2016,2016_Pi_Kappa_Phi,#493122;#460A0A;#7B5233;#AC7B4B;#8B161D;#EF9357;#F3E5C1;#D73C4B;#E3B986;#6694B1,0.1772;0.1759;0.1299;0.1081;0.0916;0.0807;0.0729;0.0714;0.0671;0.0252,8,youtube,0.0487,0.6155,0.5671
2016,2016_Sing_Alliance,#694B50;#482C33;#9E7071;#732834;#C89994;#5E647F;#29315F;#F0C7B9;#85939F;#BF2147,0.1883;0.1819;0.1183;0.1144;0.0944;0.0824;0.0738;0.0704;0.0397;0.0364,8,youtube,0.9482,0.3743,0.5146
2016,2016_Zeta_Tau_Alpha,#704759;#4A202A;#1B255A;#3A47A0;#9E727B;#D91F2C;#8F1C25;#6E9CF2;#DEABA5;#F05F52,0.1478;0.1433;0.1324;0.1136;0.1126;0.0878;0.0724;0.0675;0.0630;0.0597,8,youtube,0.8939,0.5576,0.5846
2017,2017_Alpha_Chi_Omega_and_Pi_Kappa_Phi,#482B22;#B88E78;#845E48;#484454;#ABA3E1;#756E86;#E2C3AA;#5855C4;#961519;#EE9F22,0.2058;0.1400;0.1134;0.1103;0.0952;0.0948;0.0943;0.0838;0.0428;0.0195,4,bing,0.9441,0.3974,0.5794
2017,2017_Alpha_Delta_Pi,#813521;#4D211C;#946D5C;#6B4741;#D3AB92;#A34D34;#B0897D;#EFD5AF;#D97345;#6F627C,0.1286;0.1253;0.1246;0.1158;0.1141;0.1090;0.1069;0.0773;0.0659;0.0326,8,youtube,0.0384,0.4808,0.6060
2017,2017_Beta_Theta_Pi,#312957;#A68571;#805C4F;#D7B27F;#514329;#DED4BF;#E2752D;#7663D6;#3D886C;#71CDB3,0.2584;0.1332;0.1305;0.1221;0.1038;0.0702;0.0625;0.0471;0.0384;0.0337,3,bing,0.0128,0.4519,0.5800
2017,2017_Chi_Omega,#705050;#907271;#492C2F;#3E7EAA;#C4A596;#294566;#7E97B5;#EEE1C2;#CC5777;#8DD6E4,0.1926;0.1461;0.1308;0.0989;0.0926;0.0828;0.0804;0.0802;0.0598;0.0360,7,youtube,0.9708,0.3597,0.5866
2017,2017_Delta_Delta_Delta,#472F28;#795A44;#9A8376;#D7A186;#CE7943;#F6CDB5;#9ECCE2;#285677;#B92718;#4994BD,0.1535;0.1495;0.1460;0.1294;0.0941;0.0830;0.0693;0.0602;0.0588;0.0562,5,bing,0.0525,0.4473,0.6409
2017,2017_Delta_Tau_Delta,#834D35;#5A281E;#574CA0;#B467F2;#726EE8;#B26A5D;#C6B184;#331E55;#9456BA;#DBAFEC,0.1920;0.1214;0.1187;0.1123;0.1065;0.0784;0.0778;0.0691;0.0657;0.0578,8,youtube,0.8754,0.5366,0.6592
2017,2017_Kappa_Alpha_Theta,#3F1326;#3F3239;#604344;#661A29;#12386F;#845858;#AD7479;#962636;#605E8A;#C2A5B4,0.1768;0.1694;0.1653;0.1089;0.1058;0.0955;0.0579;0.0541;0.0360;0.0301,8,youtube,0.9324,0.4855,0.4004
2017,2017_Kappa_Chi_Alpha,#492302;#6E5237;#997468;#C99487;#2B3A36;#ECCABA;#E09C32;#CB382E;#3D767A;#7CD2AB,0.4016;0.1222;0.1216;0.1019;0.0838;0.0451;0.0348;0.0343;0.0310;0.0238,3,bing,0.0821,0.6340,0.4740
2017,2017_Kappa_Kappa_Gamma,#997970;#69485F;#C2A88F;#48243E;#E4D1C9;#4B8584;#7C43A4;#B01653;#C864BB;#76B1B0,0.1541;0.1531;0.1267;0.1011;0.0942;0.0878;0.0780;0.0735;0.0698;0.0618,8,youtube,0.9387,0.3886,0.6090
2017,2017_Kappa_Omega_Tau,#453B2B;#685F44;#153450;#9D8C66;#CDCBA7;#A177E3;#627891;#0D66A0;#0A95E3;#13F4FB,0.2325;0.1642;0.1240;0.1074;0.0722;0.0676;0.0642;0.0627;0.0604;0.0449,8,youtube,0.1741,0.4967,0.5269
2017,2017_Kappa_Sigma,#382B31;#544244;#73545C;#94707A;#46549E;#B79994;#273569;#5F85EF;#157FDE;#E2B0CE,0.1837;0.1817;0.1449;0.0963;0.0942;0.0900;0.0762;0.0574;0.0428;0.0328,8,youtube,0.8991,0.3423,0.4959
2017,2017_Phi_Gamma_Delta,#452721;#987660;#704F36;#4C5E5E;#C49B7F;#8F1C14;#E6D2B2;#D5501D;#EB9842;#70C2A3,0.1871;0.1609;0.1401;0.1283;0.1155;0.0635;0.0588;0.0586;0.0559;0.0313,4,bing,0.0722,0.4666,0.5571
2017,2017_Phi_Kappa_Chi,#4A0E13;#5C3338;#1B274F;#875C5E;#A51A2A;#EC3C44;#577DB3;#0F4897;#CE9E90;#7822C9,0.2055;0.1865;0.1155;0.1081;0.0914;0.0887;0.0761;0.0475;0.0430;0.0377,8,youtube,0.9323,0.6295,0.5072
2017,2017_Pi_Beta_Phi,#432F25;#613546;#645232;#7C694D;#3B223C;#3F140E;#9D7F7B;#3E2E71;#69598C;#B8A2AF,0.1959;0.1617;0.1251;0.1223;0.1213;0.1035;0.0534;0.0485;0.0389;0.0295,7,youtube,0.9921,0.4610,0.3726
2017,2017_Sigma_Chi,#5B4044;#441C22;#775F68;#332644;#4F297B;#71192F;#A68387;#9B4052;#7D47C3;#E0B9BB,0.1916;0.1516;0.1396;0.1346;0.0979;0.0756;0.0719;0.0570;0.0500;0.0301,8,youtube,0.9104,0.4434,0.4368
2017,2017_Sing_Alliance,#765E50;#998966;#CEA68C;#462F38;#374F7A;#ECE1B6;#3385E4;#D03E51;#8077AC;#F5E26E,0.1681;0.1669;0.1152;0.1089;0.1032;0.0929;0.0709;0.0695;0.0632;0.0411,7,youtube,0.0345,0.4063,0.6385
2017,2017_Zeta_Tau_Alpha,#5F3F50;#2B4B8A;#3E273C;#814782;#876060;#A75CA7;#630F1E;#A97B7D;#DB9A9E;#CD80E7,0.1555;0.1310;0.1302;0.1127;0.1083;0.0932;0.0826;0.0749;0.0627;0.0488,8,youtube,0.8788,0.4460,0.5161
2018,2018_Alpha_Chi_Omega,#40383A;#1E2F44;#5F504E;#1F4E6F;#886B66;#520417;#B0918C;#4A6B83;#DDC2B4;#AA092F,0.1737;0.1657;0.1509;0.1059;0.0983;0.0958;0.0714;0.0687;0.0443;0.0252,8,youtube,0.9238,0.4100,0.4131
2018,2018_Alpha_Delta_Pi,#513E32;#3E2A23;#674A48;#7E6667;#B3756A;#924D42;#1C2243;#D19F8C;#454763;#EDD2AC,0.2409;0.2061;0.1615;0.0897;0.0653;0.0581;0.0526;0.0523;0.0404;0.0331,8,youtube,0.0263,0.3753,0.4185
2018,2018_Alpha_Tau_Omega,#5D797C;#644E41;#7C6459;#997F71;#475F63;#42322D;#38474D;#B9A08D;#DBC9B5;#8AA3AB,0.1655;0.1567;0.1432;0.1082;0.1044;0.0981;0.0814;0.0694;0.0426;0.0306,7,youtube,0.1061,0.2776,0.4744
2018,2018_Beta_Theta_Pi,#31265A;#4E2D20;#8F4A30;#CEA281;#BD764F;#85A4C2;#725ED6;#737C6C;#DFC0B8;#175644,0.3390;0.0989;0.0948;0.0931;0.0842;0.0659;0.0640;0.0611;0.0593;0.0398,2,bing,0.8666,0.5049,0.5395
2018,2018_Chi_Omega,#604748;#3E1D3A;#836166;#57136F;#AE8594;#6616A9;#444F7E;#E5AEC7;#C53971;#A235DB,0.1645;0.1504;0.1435;0.1390;0.0952;0.0905;0.0794;0.0520;0.0430;0.0423,8,youtube,0.8768,0.4883,0.5133
2018,2018_Delta_Delta_Delta,#442D28;#AAC1E0;#D7A486;#9B877B;#765D4B;#F1CBB3;#C97842;#5795C5;#A62C17;#245B80,0.1344;0.1276;0.1234;0.1229;0.1164;0.0950;0.0880;0.0699;0.0672;0.0553,5,bing,0.0408,0.4206,0.6651
2018,2018_Delta_Tau_Delta,#785141;#C89C89;#482D2A;#EEC6A2;#927C6D;#CB7F52;#AFC0E1;#7798BE;#364F75;#D92530,0.1503;0.1351;0.1272;0.1134;0.1128;0.0943;0.0864;0.0628;0.0603;0.0574,5,bing,0.0297,0.4082,0.6576
2018,2018_Kappa_Alpha_Theta,#3D292F;#58436B;#8A6680;#C49186;#E03AAA;#502BCA;#D0454F;#DEBDC5;#9B2830;#A80CE6,0.2219;0.1235;0.1233;0.0950;0.0811;0.0803;0.0769;0.0736;0.0713;0.0530,8,youtube,0.9024,0.4699,0.5975
2018,2018_Kappa_Chi_Alpha,#21214B;#42417F;#CC9F95;#7264AC;#906662;#4C302E;#F7E8AF;#7181E9;#99C8EC;#D03159,0.1787;0.1393;0.1163;0.1134;0.0992;0.0984;0.0934;0.0717;0.0709;0.0189,8,youtube,0.7888,0.4209,0.6137
2018,2018_Kappa_Kappa_Gamma,#45192D;#5F3442;#35363F;#7F5957;#AD2C4D;#7D1A2F;#AD887D;#D9546A;#486A77;#E8B3B2,0.1899;0.1822;0.1211;0.1112;0.1036;0.0896;0.0675;0.0566;0.0479;0.0304,8,youtube,0.9345,0.4855,0.4628
2018,2018_Kappa_Omega_Tau,#4D4033;#432814;#12024B;#79511A;#696961;#A28347;#170580;#DBB583;#D04227;#1C17D9,0.1809;0.1796;0.1298;0.1189;0.1006;0.0945;0.0842;0.0496;0.0334;0.0283,7,youtube,0.0542,0.6209,0.4342
2018,2018_Phi_Gamma_Delta,#452020;#5D3C34;#493153;#78555D;#261948;#3C44AD;#AE757D;#91234A;#7D43A3;#DFADB0,0.1927;0.1689;0.1230;0.1228;0.1056;0.0883;0.0683;0.0499;0.0487;0.0319,8,youtube,0.9099,0.4866,0.4353
2018,2018_Pi_Beta_Phi_and_Phi_Kappa_Chi,#412327;#774345;#8C3B7B;#403656;#B6857F;#B43ACC;#6C7881;#949ED7;#E7BFB2;#D7573A,0.1573;0.1448;0.1335;0.1290;0.0904;0.0876;0.0750;0.0675;0.0597;0.0552,8,youtube,0.8939,0.4384,0.5545
2018,2018_Pi_Kappa_Phi,#482631;#231640;#746353;#5C4342;#907D68;#3F1017;#AF9D85;#372E5B;#D4BFA3;#598AA0,0.1695;0.1454;0.1345;0.1263;0.1181;0.1047;0.0750;0.0670;0.0314;0.0282,7,youtube,0.9756,0.4312,0.4028
2018,2018_Sigma_Chi,#5B3B4E;#46273B;#8E538E;#723E6D;#806469;#A862A9;#A53479;#1D173E;#B39188;#E2A7C8,0.1941;0.1538;0.1300;0.1236;0.1005;0.0811;0.0753;0.0749;0.0409;0.0258,8,youtube,0.8771,0.4181,0.4618
2018,2018_Sing_Alliance,#4B1F33;#27155E;#6E5849;#B06C7A;#831C5F;#E9BBA9;#CC1599;#4777B1;#5C15C4;#7ED98C,0.1743;0.1662;0.1409;0.1162;0.1133;0.0716;0.0712;0.0625;0.0496;0.0341,8,youtube,0.8973,0.5923,0.5447
2018,2018_Zeta_Tau_Alpha,#540B0D;#950B25;#8D584E;#543D36;#1C2348;#B4947B;#344076;#7D80A8;#D64A84;#E8D4BC,0.1756;0.1487;0.1352;0.1116;0.1113;0.0771;0.0687;0.0639;0.0579;0.0501,8,youtube,0.9624,0.5851,0.5101
2019,2019_Alpha_Chi_Omega,#422D3B;#593767;#1A1844;#6D625C;#845893;#AE76CA;#1E2E74;#DBABDB;#AC8A81;#4F3BA8,0.1654;0.1283;0.1180;0.1116;0.1021;0.0867;0.0843;0.0781;0.0724;0.0532,8,youtube,0.8156,0.4154,0.4906
2019,2019_Alpha_Delta_Pi,#3D2F2B;#5E4B45;#74635C;#927D6C;#B09785;#CEB6A2;#F4EAB8;#7B8497;#96B8D7;#EFCD7D,0.2261;0.1619;0.1402;0.1239;0.1049;0.0659;0.0574;0.0536;0.0425;0.0236,8,youtube,0.0549,0.2589,0.5187
2019,2019_Beta_Theta_Pi,#30275A;#F0DFBB;#7163DC;#8F7445;#6D4E28;#CBB790;#A38D6B;#6D3385;#321B33;#C3A4DF,0.4569;0.0890;0.0864;0.0778;0.0751;0.0567;0.0520;0.0378;0.0347;0.0336,2,bing,0.7954,0.4967,0.5297
2019,2019_Beta_Upsilon_Chi,#DBBFA3;#2D3638;#495C5E;#855E45;#A89E8C;#A97859;#707F7B;#5E4232;#D4986A;#A7CEE1,0.1389;0.1197;0.1129;0.1040;0.1026;0.1015;0.0977;0.0909;0.0755;0.0564,1,bing,0.1590,0.3058,0.5709
2019,2019_Chi_Omega,#5E523A;#836C4C;#627687;#3D312C;#44455F;#B68963;#E5B777;#5B6DDE;#343DA1;#8D97B1,0.1730;0.1368;0.1302;0.1281;0.1098;0.0909;0.0717;0.0705;0.0533;0.0355,8,youtube,0.0236,0.3871,0.5236
2019,2019_Delta_Delta_Delta_and_Alpha_Tau_Omega,#151442;#242762;#3139A3;#3A3630;#4740EA;#0A0ACE;#675D6D;#B09171;#8381CB;#D6C0C0,0.1887;0.1576;0.1201;0.0946;0.0884;0.0808;0.0780;0.0713;0.0704;0.0501,8,youtube,0.7080,0.5404,0.5347
2019,2019_Delta_Tau_Delta,#E5C9B7;#CEA79C;#B2937B;#927660;#BEC4E3;#6F5344;#3D2D3B;#808FB8;#3E5789;#D82247,0.1772;0.1519;0.1498;0.1248;0.1105;0.0937;0.0760;0.0440;0.0418;0.0304,5,bing,0.0139,0.2976,0.6951
2019,2019_Kappa_Alpha_Theta,#3E292D;#172653;#5F4C4B;#915C71;#6A9D6E;#424474;#BC869A;#9BCA8D;#D6CEC7;#5247D2,0.2461;0.1354;0.1274;0.1001;0.0912;0.0786;0.0777;0.0615;0.0571;0.0250,8,youtube,0.9433,0.3695,0.4747
2019,2019_Kappa_Chi_Alpha,#150A41;#7C58A3;#512B5D;#806461;#8D51E3;#8A1975;#B9879A;#581EBE;#BB3888;#D7AEDD,0.1403;0.1303;0.1153;0.1083;0.1018;0.0895;0.0833;0.0833;0.0811;0.0667,7,youtube,0.8096,0.5693,0.5944
2019,2019_Kappa_Kappa_Gamma,#2E42E7;#393EB5;#260C8B;#6365CE;#8204C2;#341743;#2006D3;#80577D;#C495B2;#C82056,0.1838;0.1583;0.1126;0.0987;0.0984;0.0845;0.0826;0.0764;0.0586;0.0461,7,youtube,0.7226,0.7191,0.7049
2019,2019_Kappa_Omega_Tau,#4B2329;#5A4944;#314423;#962E48;#7C6365;#191447;#B3737A;#D4A7A8;#402E76;#612FCF,0.1701;0.1652;0.1304;0.1080;0.1012;0.0997;0.0878;0.0571;0.0546;0.0259,8,youtube,0.9806,0.4581,0.4390
2019,2019_Kappa_Sigma,#131551;#323B3C;#5F5A66;#2A2D82;#A18086;#440B27;#CEB6CA;#8275B6;#3257E6;#782352,0.2003;0.1847;0.1323;0.0999;0.0809;0.0740;0.0632;0.0601;0.0570;0.0477,8,youtube,0.7042,0.4531,0.4495
2019,2019_Phi_Gamma_Delta,#7D674D;#333334;#A18268;#634A33;#434B5F;#BFA68B;#ECD0B5;#6A798A;#DCAC0A;#ACBAD7,0.1737;0.1584;0.1455;0.1334;0.1181;0.1077;0.0675;0.0478;0.0282;0.0198,5,bing,0.0358,0.3078,0.5151
2019,2019_Phi_Kappa_Chi,#4F2E49;#121278;#86645F;#4C5186;#C59364;#A1403E;#7B8FB0;#1F3FC5;#0202DF;#D9BAAC,0.1479;0.1318;0.1140;0.1124;0.1036;0.0993;0.0864;0.0850;0.0793;0.0402,8,youtube,0.8018,0.5523,0.5985
2019,2019_Pi_Kappa_Phi,#412A20;#3D0B0D;#5A3F31;#6B1712;#775A4C;#A37662;#8B4831;#C39F8B;#E7CCB6;#B6281C,0.2244;0.2182;0.1586;0.0825;0.0758;0.0651;0.0520;0.0488;0.0428;0.0317,1,bing,0.0359,0.5707,0.4040
2019,2019_Sigma_Chi,#4A2232;#58375C;#8B444F;#674B8D;#22199A;#280DE2;#1A1358;#8262D4;#9B798E;#CAB2D1,0.1624;0.1586;0.1209;0.1106;0.1032;0.0961;0.0849;0.0627;0.0626;0.0382,7,youtube,0.8026,0.5617,0.5296
2019,2019_Sing_Alliance,#66167D;#3E1743;#8F537A;#C15ED1;#971AC8;#D67595;#C01871;#E8B5D7;#6A6AC6;#490AD0,0.1409;0.1319;0.1143;0.0997;0.0946;0.0925;0.0881;0.0833;0.0774;0.0773,7,youtube,0.8267,0.6347,0.6666
2019,2019_Zeta_Tau_Alpha,#51241A;#724A45;#956C66;#5D0D51;#220D53;#BE998B;#301D9E;#E8C9BB;#8027AC;#8B6FD7,0.1767;0.1590;0.1332;0.1041;0.0994;0.0945;0.0815;0.0778;0.0406;0.0332,8,youtube,0.9508,0.5526,0.5225
2020,2020_Alpha_Chi_Omega,#3E2E1F;#564737;#746857;#9B8873;#C2A88B;#EDD7B0;#232F40;#346951;#44BC7F;#4533A5,0.1937;0.1649;0.1564;0.1315;0.1172;0.0757;0.0537;0.0529;0.0304;0.0236,8,youtube,0.1014,0.3688,0.4862
2020,2020_Alpha_Delta_Pi,#291343;#50354D;#431F1B;#71477B;#5427A8;#9053D0;#C15187;#DDA8CC;#A79280;#B51B38,0.1973;0.1892;0.1526;0.1022;0.0876;0.0662;0.0618;0.0482;0.0475;0.0474,8,youtube,0.8491,0.5454,0.4656
2020,2020_Alpha_Tau_Omega,#604E3E;#8A6742;#482B25;#97796D;#873433;#C54B4E;#4B5774;#CC8E8C;#2E384F;#EFC3B8,0.1605;0.1437;0.1376;0.1071;0.0951;0.0939;0.0930;0.0672;0.0595;0.0424,7,youtube,0.0260,0.4344,0.5176
2020,2020_Beta_Upsilon_Chi,#43251D;#69422E;#C79D7A;#9E7354;#E8D0B2;#6B6883;#454257;#730B0E;#AC1E21;#EFA022,0.2213;0.1255;0.1131;0.0977;0.0910;0.0845;0.0774;0.0724;0.0657;0.0515,1,bing,0.0249,0.5067,0.5364
2020,2020_Chi_Omega,#954465;#BA7979;#604A44;#B85021;#221947;#5B2712;#3E1883;#DAA5B2;#3682B2;#961CB8,0.1669;0.1346;0.1322;0.1182;0.1043;0.0969;0.0772;0.0722;0.0633;0.0342,8,youtube,0.9428,0.5723,0.5646
2020,2020_Delta_Delta_Delta,#49231C;#5F4C44;#A9C2E1;#B49382;#91715C;#DDBDAC;#17233F;#597B92;#9F191C;#E7992E,0.1543;0.1397;0.1377;0.1362;0.1330;0.0811;0.0787;0.0783;0.0452;0.0159,5,bing,0.0170,0.4049,0.5665
2020,2020_Delta_Tau_Delta,#37282C;#4D3B47;#A3233B;#643CC1;#975A6F;#46248B;#D64D44;#A96EC2;#A8097F;#E0AB87,0.2623;0.1840;0.1083;0.0950;0.0928;0.0682;0.0607;0.0480;0.0460;0.0348,8,youtube,0.9055,0.4726,0.4936
2020,2020_Kappa_Alpha_Theta,#6863B2;#413126;#76554F;#372DA2;#AB7F8E;#2C2553;#C28C4F;#E2C2B1;#9F92D0;#9927C4,0.1619;0.1373;0.1346;0.1250;0.1125;0.0809;0.0737;0.0690;0.0581;0.0469,8,youtube,0.8745,0.4510,0.5922
2020,2020_Kappa_Chi_Alpha,#B87B76;#3F2530;#8E5650;#E1AFAC;#4A117E;#8F45A1;#4D0AD7;#9B0F6B;#B712E5;#37C6CB,0.2263;0.1541;0.1535;0.1014;0.0899;0.0845;0.0788;0.0765;0.0248;0.0103,7,youtube,0.9258,0.5363,0.6174
2020,2020_Kappa_Kappa_Gamma_and_Kappa_Sigma,#241E55;#624C6C;#3F42A0;#4A2336;#7873C5;#AC7A81;#103CEB;#D9B7C8;#05069D;#A5354C,0.2237;0.1361;0.1313;0.1143;0.0855;0.0704;0.0695;0.0584;0.0580;0.0527,8,youtube,0.7556,0.5469,0.5449
2020,2020_Kappa_Omega_Tau,#44263B;#745661;#12094D;#A5897C;#0E088A;#5759B0;#3D3A78;#9169D2;#0E0CCA;#DAB5BE,0.1564;0.1423;0.1321;0.1115;0.1045;0.0884;0.0854;0.0764;0.0527;0.0503,8,youtube,0.7958,0.5338,0.5239
2020,2020_Multicultural_Alliance,#4E1E18;#F62E46;#824C2A;#A7181D;#D8933C;#1F2B3C;#E2C098;#65617F;#A88167;#28C49D,0.2114;0.1523;0.1482;0.0863;0.0777;0.0773;0.0746;0.0733;0.0725;0.0265,5,bing,0.0161,0.6287,0.5983
2020,2020_Phi_Gamma_Delta,#311132;#21057B;#3C12D4;#7834CC;#BB53B5;#D76C4E;#6A3E69;#B91F37;#E8B29B;#B497E7,0.1449;0.1380;0.1295;0.1149;0.1145;0.1130;0.0758;0.0671;0.0548;0.0476,8,youtube,0.8187,0.6897,0.6469
2020,2020_Phi_Kappa_Chi,#403036;#9C736E;#745744;#412B6F;#5E4797;#CEAD95;#4A170E;#A5422E;#C38240;#9987BE,0.1969;0.1562;0.1304;0.1182;0.0917;0.0705;0.0689;0.0687;0.0496;0.0489,8,youtube,0.9567,0.4426,0.5058
2020,2020_Pi_Beta_Phi,#9F676A;#7E239C;#734B4F;#D38B71;#54241F;#A83A29;#3C165D;#C13EBE;#EEBEB4;#62B6B4,0.1504;0.1411;0.1277;0.1142;0.1083;0.0998;0.0907;0.0875;0.0640;0.0163,7,youtube,0.9461,0.5554,0.6043
2020,2020_Sigma_Alpha_Epsilon_and_Alpha_Phi,#5D4437;#735A4B;#422C24;#8B6F60;#AB8A79;#CE9F97;#EFCFBA;#221257;#452FA5;#C7546A,0.2254;0.1801;0.1717;0.1362;0.1065;0.0658;0.0328;0.0309;0.0273;0.0234,7,youtube,0.0435,0.3884,0.4839
2020,2020_Sing_Alliance,#39183F;#AC0A59;#1D55D6;#7D64C3;#B8847D;#5F11BC;#B40AB7;#BB4C8C;#6D446F;#D998D5,0.1524;0.1237;0.1127;0.1089;0.1083;0.0906;0.0868;0.0842;0.0715;0.0609,7,youtube,0.8207,0.6564,0.6509
2020,2020_Zeta_Tau_Alpha,#341D3D;#150C8E;#2B2AD4;#452DA1;#760879;#724062;#B212A2;#B36D7D;#7D5EC2;#DAA2C5,0.1713;0.1261;0.1238;0.1136;0.0974;0.0809;0.0797;0.0791;0.0681;0.0601,8,youtube,0.7795,0.6659,0.5825
2022,2022_Alpha_Phi,#3D281B;#573927;#0A0644;#31264A;#634E46;#544D77;#927667;#904F33;#CBA78F;#897AB8,0.2458;0.2027;0.1379;0.1110;0.1001;0.0649;0.0563;0.0450;0.0216;0.0148,7,youtube,0.9807,0.5378,0.3515
2022,2022_Alpha_Tau_Omega,#2D2E43;#4F4356;#10124C;#5F5E87;#232B79;#42261F;#87685C;#968A9E;#4F89DF;#9CD2F5,0.2782;0.1596;0.1470;0.0985;0.0815;0.0713;0.0483;0.0463;0.0369;0.0323,8,youtube,0.6990,0.4251,0.3976
2022,2022_Chi_Omega,#704B40;#806960;#47302C;#4D0D48;#AA8D74;#71297C;#201271;#3F25B7;#D2BDA1;#8E6AAE,0.1884;0.1531;0.1437;0.1050;0.0957;0.0867;0.0779;0.0591;0.0464;0.0441,8,youtube,0.9618,0.4900,0.4825
2022,2022_Delta_Delta_Delta,#3D2028;#525174;#175CBD;#1B1D8D;#0D0C41;#9F645D;#0F28D6;#8D1E57;#6A81C3;#CA889B,0.1657;0.1336;0.1166;0.1165;0.1052;0.0920;0.0901;0.0870;0.0511;0.0422,8,youtube,0.7512,0.6290,0.5317
2022,2022_Kappa_Kappa_Gamma,#241F65;#161345;#371E37;#4D394F;#764A63;#403484;#7F6F92;#C46880;#E6BA8E;#A0B4D2,0.2135;0.1584;0.1481;0.1442;0.0992;0.0735;0.0710;0.0414;0.0290;0.0217,8,youtube,0.7641,0.5045,0.4045
2022,2022_Kappa_Omega_Tau,#4041B7;#12129E;#806BB1;#461C1E;#53427E;#120B62;#8E754E;#D2A499;#AD0818;#99195E,0.1713;0.1513;0.1199;0.1093;0.1086;0.1084;0.0708;0.0554;0.0548;0.0501,8,youtube,0.7660,0.6476,0.5776
2022,2022_Kappa_Sigma,#A18576;#C4A193;#826A5C;#E5C2B4;#584D41;#293133;#39348A;#4A50D0;#4D8F5B;#38EC87,0.1660;0.1518;0.1489;0.1376;0.1133;0.0956;0.0674;0.0585;0.0472;0.0137,8,youtube,0.0562,0.3155,0.6025
2022,2022_Pi_Beta_Phi_and_Phi_Kappa_Chi,#7A5E43;#997C60;#462E1E;#7E4B18;#C59D72;#AF7137;#2E2874;#911017;#E8CCA7;#575CAC,0.1851;0.1622;0.1204;0.1063;0.1032;0.1018;0.0775;0.0548;0.0512;0.0375,8,youtube,0.0624,0.5444,0.5593
2022,2022_Zeta_Tau_Alpha,#081C49;#0A4613;#082181;#465E39;#422631;#0933CB;#446985;#6699BD;#92675B;#C1B6AA,0.2257;0.1552;0.1272;0.1063;0.1011;0.0844;0.0702;0.0550;0.0534;0.0215,8,youtube,0.5606,0.7010,0.4284
2023,2023_Alpha_Chi_Omega,#587081;#264C76;#34373D;#6B0919;#6D5147;#B61033;#A07C57;#307CBA;#78A0BC;#CDAE88,0.1355;0.1342;0.1291;0.1214;0.1137;0.1013;0.0911;0.0712;0.0603;0.0421,7,youtube,0.7404,0.5268,0.5208
2023,2023_Alpha_Delta_Pi,#2E2A3F;#3E3126;#5B4E3D;#43555C;#89765C;#3A246B;#627B84;#5E3FA2;#A6AFB0;#C0DC66,0.2589;0.2361;0.1272;0.1172;0.0593;0.0563;0.0549;0.0412;0.0259;0.0230,8,youtube,0.8232,0.3614,0.3569
2023,2023_Alpha_Phi,#432F1C;#0A0844;#5A4935;#322943;#524C6B;#876B59;#844129;#23227E;#6F6C9B;#BD9B8E,0.2103;0.1869;0.1681;0.1412;0.0742;0.0681;0.0543;0.0337;0.0323;0.0309,8,youtube,0.9116,0.5354,0.3560
2023,2023_Beta_Theta_Pi,#353635;#22461E;#3E6432;#6E6845;#525151;#5A2A21;#837676;#4B962E;#AC7352;#BB9EA6,0.1790;0.1514;0.1346;0.1275;0.1007;0.0910;0.0640;0.0632;0.0491;0.0395,7,youtube,0.1955,0.3455,0.3839
2023,2023_Chi_Omega_and_Alpha_Tau_Omega,#3C2E23;#4C4239;#6C5948;#88725F;#5D6F7D;#884C24;#8DA1AF;#B59578;#C69923;#C7554A,0.2078;0.2059;0.1624;0.1255;0.0626;0.0600;0.0556;0.0428;0.0390;0.0383,7,youtube,0.0763,0.3716,0.4374
2023,2023_Delta_Delta_Delta,#4A312C;#625067;#1A1770;#946E5D;#7D7AA5;#CB8C8A;#2530CE;#AB3248;#BDBED6;#DE9C2D,0.1608;0.1478;0.1369;0.1319;0.0878;0.0864;0.0722;0.0684;0.0613;0.0466,8,youtube,0.8697,0.4585,0.5648
2023,2023_Delta_Tau_Delta,#4D3271;#3A2457;#623F8A;#724CA9;#241340;#44092A;#9461C4;#6E0F48;#BB7DE5;#94765F,0.1556;0.1473;0.1343;0.1173;0.1163;0.1106;0.0789;0.0703;0.0532;0.0163,8,youtube,0.7707,0.6189,0.4764
2023,2023_Kappa_Alpha_Theta,#442336;#8D103A;#78454D;#183671;#642D74;#1F80A9;#2A30A7;#BD4249;#B58189;#A6D4D6,0.1700;0.1550;0.1513;0.1228;0.1010;0.0760;0.0750;0.0709;0.0519;0.0259,8,youtube,0.8557,0.6279,0.5134
2023,2023_Kappa_Chi_Alpha,#3B1D18;#593924;#7C5542;#A6745E;#CC9C81;#DFC6B7;#7E0813;#E61445;#7E036F;#84939E,0.1732;0.1642;0.1475;0.1240;0.1117;0.0723;0.0709;0.0701;0.0380;0.0281,5,bing,0.0325,0.5494,0.5369
2023,2023_Kappa_Kappa_Gamma,#37283E;#785353;#262B81;#811A3A;#A3846E;#714FAD;#D43E81;#E0A2A5;#1B35DA;#84B2DB,0.1609;0.1478;0.1174;0.1120;0.1117;0.0891;0.0802;0.0733;0.0628;0.0449,8,youtube,0.8617,0.5095,0.5798
2023,2023_Kappa_Omega_Tau,#5A5F3F;#3C3921;#7A725C;#1D8143;#B79184;#2FB76E;#324F6A;#124334;#9E9541;#4B76AD,0.2131;0.2014;0.1436;0.0771;0.0756;0.0674;0.0631;0.0621;0.0608;0.0359,8,youtube,0.2112,0.4635,0.4417
2023,2023_Kappa_Sigma,#452112;#6A341D;#765941;#A07E61;#CC9A7D;#2B384A;#B45434;#D9C7B4;#5777A4;#DBDB55,0.1852;0.1597;0.1383;0.1295;0.0971;0.0834;0.0788;0.0668;0.0427;0.0184,5,bing,0.0576,0.5373,0.5194
2023,2023_Phi_Gamma_Delta,#30384D;#27283A;#15123C;#1E204D;#3E4A63;#29276F;#536582;#687DAF;#413CA7;#9BB2D8,0.2098;0.1874;0.1628;0.1619;0.1060;0.0520;0.0509;0.0316;0.0237;0.0138,7,youtube,0.6452,0.4769,0.3319
2023,2023_Phi_Kappa_Chi,#344371;#6C5E71;#8C7F90;#3662A2;#43372D;#21234B;#4094D6;#994153;#C2B4AF;#CD6275,0.1389;0.1327;0.1320;0.1296;0.1237;0.1057;0.0740;0.0691;0.0552;0.0391,8,youtube,0.7534,0.4165,0.5178
2023,2023_Pi_Beta_Phi,#402430;#2C103F;#3D3854;#613B47;#5C4D70;#4C195A;#8B6785;#7F5B5B;#7F3170;#B48BA0,0.1511;0.1367;0.1257;0.1227;0.1116;0.1021;0.0963;0.0747;0.0510;0.0281,7,youtube,0.8399,0.4505,0.3798
2023,2023_Sigma_Alpha_Epsilon,#10203D;#1E3454;#274675;#436393;#5A85C2;#34272F;#494A55;#8CB5EC;#1D53B9;#8C5D68,0.2654;0.2162;0.1170;0.0990;0.0757;0.0709;0.0553;0.0388;0.0387;0.0229,7,youtube,0.6209,0.5889,0.4125
2023,2023_Sigma_Chi,#3A3B43;#12244F;#243B70;#6A5254;#0A0DAE;#5B66A4;#B08567;#A73940;#1465E4;#96B9E3,0.2076;0.1902;0.1503;0.1112;0.0845;0.0694;0.0621;0.0606;0.0384;0.0257,8,youtube,0.6725,0.5219,0.4678
2023,2023_Sing_Alliance,#1D3B21;#32443A;#1E2B3E;#20426E;#4B5854;#08144D;#5C7B83;#8CAB9C;#8F7151;#B4DDC7,0.2274;0.1840;0.1720;0.1023;0.0968;0.0724;0.0561;0.0362;0.0328;0.0200,8,youtube,0.4717,0.4460,0.3317
2023,2023_Zeta_Tau_Alpha,#514F47;#725763;#373D2C;#968076;#662B68;#3C2149;#5D7D4D;#864F8C;#B4B19E;#2A39B7,0.1773;0.1458;0.1262;0.1110;0.1068;0.0982;0.0981;0.0750;0.0458;0.0160,8,youtube,0.0289,0.3200,0.4216
2024,2024_Alpha_Chi_Omega,#3A373B;#644943;#846858;#481A20;#525569;#A68878;#767A97;#DFB39F;#CC9753;#A6B5D6,0.1855;0.1583;0.1432;0.1170;0.0968;0.0863;0.0768;0.0649;0.0445;0.0267,8,youtube,0.9426,0.3002,0.4684
2024,2024_Alpha_Delta_Pi,#764E48;#52747F;#A57061;#1477A1;#4A2C2B;#274B5A;#1D9DD3;#77A3B2;#C99D84;#BA1E31,0.1437;0.1217;0.1210;0.1177;0.1167;0.1013;0.0955;0.0719;0.0664;0.0441,8,youtube,0.7408,0.5243,0.5630
2024,2024_Alpha_Phi,#2B3147;#4F4F67;#5A5240;#7B7155;#344028;#4974BA;#33488C;#7C7390;#4D3DCF;#B59E94,0.1404;0.1305;0.1261;0.1219;0.1119;0.0926;0.0926;0.0865;0.0549;0.0425,7,youtube,0.6589,0.3809,0.4652
2024,2024_Alpha_Tau_Omega,#3D2F27;#615E50;#847F6F;#743638;#2D3486;#C3A890;#131A45;#B93450;#8FCEC0;#5161CF,0.2431;0.2023;0.1437;0.0950;0.0839;0.0601;0.0560;0.0421;0.0399;0.0339,8,youtube,0.0687,0.3719,0.4482
2024,2024_Beta_Theta_Pi,#442719;#0D404C;#066B6D;#79351F;#5E5451;#AD7B68;#A75E2A;#D3B2A6;#DF9F1A;#6B8D97,0.1691;0.1620;0.1575;0.1000;0.0876;0.0819;0.0802;0.0666;0.0630;0.0321,5,bing,0.0957,0.6484,0.4778
2024,2024_Beta_Upsilon_Chi_and_Kappa_Chi_Alpha,#1F2C5C;#3F5582;#4D3845;#45091A;#855553;#760316;#7D879F;#3525CF;#8455D6;#CAB699,0.2276;0.1736;0.1414;0.0943;0.0928;0.0895;0.0668;0.0477;0.0461;0.0201,7,youtube,0.7613,0.5692,0.4637
2024,2024_Chi_Omega,#4E3E3E;#7B6D63;#530414;#211A52;#35397F;#6A126B;#900523;#B69C8D;#B23861;#3F59C2,0.1620;0.1465;0.1266;0.1129;0.0983;0.0909;0.0844;0.0784;0.0553;0.0448,8,youtube,0.9260,0.5595,0.4611
2024,2024_Delta_Delta_Delta,#655A48;#9A8467;#232F42;#521D1B;#686890;#8D99B8;#CBB986;#4B2E69;#18618B;#C0D2E7,0.1610;0.1456;0.1293;0.1163;0.0870;0.0808;0.0804;0.0788;0.0628;0.0581,8,youtube,0.8803,0.4095,0.5132
2024,2024_Delta_Tau_Delta,#C49082;#9D7068;#161146;#6F4C4C;#452623;#373654;#E8BFB9;#6F628D;#471390;#AD4DC9,0.1574;0.1471;0.1363;0.1300;0.1231;0.1132;0.0589;0.0535;0.0428;0.0377,8,youtube,0.9187,0.4366,0.5132
2024,2024_Kappa_Alpha_Order,#AE9F80;#3E3529;#564D3A;#78694B;#8E8269;#264C2A;#D4C79E;#B3BB5F;#4D5F6D;#BCDFEF,0.1916;0.1720;0.1609;0.1537;0.1221;0.0638;0.0480;0.0426;0.0313;0.0141,8,youtube,0.1273,0.3280,0.4839
2024,2024_Kappa_Alpha_Theta,#353729;#4E4B36;#645D4F;#0E174E;#7F706D;#3E3159;#A28998;#122998;#DCA82C;#CBB7C7,0.2269;0.1904;0.1535;0.0976;0.0892;0.0762;0.0508;0.0506;0.0379;0.0269,7,youtube,0.0953,0.3609,0.3848
2024,2024_Kappa_Chi_Alpha_and_Beta_Upsilon_Chi,#1F2C5C;#3F5582;#4D3845;#45091A;#855553;#760316;#7D879F;#3525CF;#8455D6;#CAB699,0.2276;0.1736;0.1414;0.0943;0.0928;0.0895;0.0668;0.0477;0.0461;0.0201,7,youtube,0.7613,0.5692,0.4637
2024,2024_Kappa_Kappa_Gamma_and_Sigma_Chi,#815C41;#2D268E;#452B28;#796575;#B1886A;#091149;#4344CC;#31928C;#8EA4CA;#BE193B,0.2093;0.1676;0.1390;0.1048;0.1035;0.0744;0.0729;0.0668;0.0400;0.0217,8,youtube,0.8854,0.5332,0.5241
2024,2024_Kappa_Omega_Tau,#744F43;#9F7968;#4D211A;#634C91;#8A0A35;#C34F4C;#D5A78B;#3A1C5B;#B62285;#978AD7,0.1768;0.1273;0.1215;0.1002;0.0960;0.0897;0.0849;0.0767;0.0682;0.0586,8,youtube,0.9612,0.5498,0.5704
2024,2024_Phi_Gamma_Delta,#313739;#54713F;#604752;#415D73;#5884B6;#6FA4E1;#80907A;#B6CBE2;#92A53F;#D0D75A,0.3032;0.1143;0.1026;0.1025;0.0978;0.0975;0.0689;0.0402;0.0376;0.0355,8,youtube,0.5148,0.3265,0.4879
2024,2024_Phi_Kappa_Chi,#6A5B4B;#554A3B;#3D352C;#7C6F5F;#424D5C;#998975;#626280;#A56C4C;#7F91B4;#B5B08F,0.1816;0.1727;0.1593;0.1216;0.1112;0.0730;0.0700;0.0431;0.0338;0.0336,8,youtube,0.0804,0.2841,0.4250
2024,2024_Pi_Beta_Phi,#7D5E4D;#AB8277;#592425;#E1A7AD;#182A5E;#EAAF64;#715788;#CF723A;#B3222A;#86B3D7,0.1725;0.1424;0.1285;0.1060;0.0947;0.0884;0.0719;0.0694;0.0640;0.0623,8,youtube,0.9962,0.4856,0.6265
2024,2024_Sigma_Alpha_Epsilon,#3A2B22;#4A3E32;#665545;#866D5A;#A38A71;#BFA78A;#DCC3A3;#F2E6BD;#B7E5EB;#516567,0.2607;0.1705;0.1176;0.0946;0.0904;0.0830;0.0736;0.0549;0.0324;0.0222,8,youtube,0.0840,0.3261,0.4800
2024,2024_Sing_Alliance,#3B2F20;#111C4F;#1B3F73;#57502F;#817142;#4E6278;#052AA7;#A09070;#073FEF;#8295C7,0.1616;0.1544;0.1465;0.1364;0.1008;0.0791;0.0764;0.0593;0.0516;0.0340,8,youtube,0.6207,0.6006,0.4481
2024,2024_Tau_Kappa_Epsilon,#2E0A3F;#432B2A;#42116D;#173447;#60484E;#2D607B;#956F7F;#4E13B3;#D2A5B4;#A03A45,0.2388;0.1899;0.1255;0.1076;0.0949;0.0720;0.0567;0.0553;0.0316;0.0278,8,youtube,0.8229,0.6082,0.3783
2024,2024_Zeta_Tau_Alpha,#331944;#462675;#500F1B;#573B46;#8B212A;#862676;#6F6468;#663CB4;#B04F5A;#A98EC8,0.1749;0.1432;0.1382;0.1322;0.0997;0.0797;0.0792;0.0631;0.0600;0.0299,8,youtube,0.8665,0.5868,0.4408
2025,2025_Alpha_Chi_Omega,#3A1984;#3C3456;#4F4A82;#201840;#552DBE;#70031E;#6E6EA5;#AA052E;#776451;#A5A0CF,0.1809;0.1471;0.1318;0.1135;0.1016;0.1002;0.0855;0.0613;0.0416;0.0365,8,youtube,0.7387,0.6171,0.5039
2025,2025_Alpha_Delta_Pi,#AC0B17;#582618;#041E98;#657279;#0E2056;#BF7C3D;#E4D2B4;#869BB6;#1553DA;#CF247B,0.2209;0.1660;0.1434;0.1059;0.0959;0.0766;0.0641;0.0541;0.0397;0.0335,4,bing,0.8760,0.7083,0.5887
2025,2025_Alpha_Phi,#641D56;#8A4A5E;#444F69;#2F2934;#BE7D64;#A24EAF;#7A0F29;#4F7798;#E6BEA7;#77A0C8,0.1883;0.1685;0.1414;0.1054;0.0832;0.0728;0.0711;0.0709;0.0509;0.0475,8,youtube,0.8379,0.4933,0.5161
2025,2025_Alpha_Tau_Omega,#4A2D24;#203491;#85360C;#B53D0E;#8D5E42;#264BCE;#191F54;#D57D34;#6A569D;#D09C9C,0.1697;0.1418;0.1344;0.1106;0.1067;0.1046;0.1016;0.0646;0.0442;0.0217,7,youtube,0.9472,0.7097,0.5544
2025,2025_Beta_Upsilon_Chi,#10125F;#474447;#74685E;#B98E66;#4A1711;#0E2EA9;#953A23;#6580B7;#D8BC9D;#53079E,0.2195;0.1469;0.1434;0.1194;0.0984;0.0851;0.0500;0.0492;0.0488;0.0393,7,youtube,0.8768,0.5345,0.4897
2025,2025_Chi_Omega,#6D544D;#413233;#947863;#39416D;#586686;#C6A188;#3F5CBB;#A9192E;#C89239;#9AB6BD,0.2078;0.1653;0.1593;0.1161;0.0782;0.0776;0.0739;0.0561;0.0359;0.0297,8,youtube,0.9820,0.3864,0.5160
2025,2025_Delta_Delta_Delta,#1C2855;#46132F;#5F4247;#573581;#7B135A;#9B5766;#CE8098;#7883B1;#1149A5;#6D1EC3,0.1756;0.1454;0.1257;0.1203;0.1144;0.1069;0.0671;0.0581;0.0458;0.0407,8,youtube,0.8252,0.5962,0.4816
2025,2025_Delta_Tau_Delta,#AA0718;#062194;#6B7D90;#51251D;#122150;#83603D;#CDA461;#DDCFBA;#165ADC;#D22873,0.1703;0.1455;0.1307;0.1257;0.1186;0.0861;0.0807;0.0749;0.0347;0.0329,5,bing,0.8941,0.6673,0.5799
2025,2025_Kappa_Alpha_Theta,#3F3426;#584F41;#252F43;#82735E;#8B394D;#B09783;#B25373;#DA789E;#E2C9B2;#3F4F8C,0.2446;0.1769;0.1330;0.1022;0.0751;0.0746;0.0646;0.0603;0.0443;0.0245,8,youtube,0.0473,0.3790,0.4502
2025,2025_Kappa_Kappa_Gamma,#151947;#342A45;#442524;#3C466E;#A88663;#754D45;#5D70A4;#0F17C2;#89AFD7;#D6C591,0.2612;0.1909;0.1372;0.0943;0.0795;0.0731;0.0586;0.0421;0.0336;0.0295,8,youtube,0.7392,0.5146,0.4104
2025,2025_Kappa_Omega_Tau,#191D54;#76504D;#4B3535;#2E3A8D;#53081B;#907A7D;#3758CE;#E2C0B8;#D49A6C;#C94559,0.1565;0.1366;0.1357;0.1263;0.1253;0.0819;0.0711;0.0699;0.0565;0.0402,8,youtube,0.9056,0.5273,0.5096
2025,2025_Kappa_Sigma,#2F283A;#524F52;#877669;#5C3CAA;#172C77;#279386;#1557DD;#8E77D4;#27E6D8;#C2BE89,0.2045;0.1413;0.1372;0.1129;0.0921;0.0872;0.0627;0.0600;0.0528;0.0493,8,youtube,0.7201,0.4519,0.5224
2025,2025_Phi_Gamma_Delta,#0D123F;#141F59;#3B3034;#122F7F;#410A1C;#3A356C;#594946;#776A64;#690A27;#9B907B,0.2279;0.1853;0.1447;0.0905;0.0815;0.0641;0.0630;0.0606;0.0423;0.0401,7,youtube,0.7689,0.6005,0.3395
2025,2025_Pi_Beta_Phi_and_Phi_Kappa_Chi,#4D3030;#795F4C;#B88C6F;#6B578E;#1F334F;#E3BFA6;#A18BD5;#195F93;#44C2CF;#C22B4C,0.1307;0.1294;0.1226;0.1207;0.1152;0.0940;0.0931;0.0837;0.0568;0.0539,8,youtube,0.8931,0.4699,0.5890
2025,2025_Sigma_Chi,#44271E;#5D4231;#1A316A;#101E47;#7D6246;#274C8B;#1E553E;#285FC1;#59276E;#A27F84,0.1985;0.1918;0.1328;0.1292;0.1125;0.0811;0.0535;0.0368;0.0358;0.0280,8,youtube,0.9235,0.6028,0.3923
2025,2025_Sing_Alliance,#46372D;#6B5648;#4D1518;#0B0D50;#BEA699;#96796C;#D9CCC8;#303676;#6A67A6;#1F55D9,0.2132;0.1456;0.1256;0.1214;0.0871;0.0769;0.0728;0.0640;0.0532;0.0403,7,youtube,0.9946,0.4567,0.4662
2025,2025_Tau_Kappa_Epsilon,#0D1D4D;#1F3374;#420C10;#422A3A;#4F5F92;#6684CB;#6A5352;#881629;#AEC9E9;#AD8174,0.2317;0.1850;0.1465;0.0973;0.0937;0.0769;0.0671;0.0392;0.0324;0.0302,8,youtube,0.7228,0.6308,0.4310
2025,2025_Zeta_Tau_Alpha,#473991;#6F4257;#4D1D2C;#6B5FD3;#98697E;#282059;#C777AB;#DFA6D9;#890B2D;#C4114F,0.1384;0.1253;0.1208;0.1113;0.1070;0.0956;0.0801;0.0788;0.0783;0.0643,8,youtube,0.8470,0.5488,0.5819
2026,2026_Alpha_Chi_Omega,#48291F;#7F4B31;#3E3050;#E0C378;#9B7351;#6F516F;#A78C90;#BD9D43;#C1B4C8;#8F130E,0.1397;0.1330;0.1288;0.1258;0.1084;0.1007;0.0895;0.0777;0.0498;0.0467,3,bing,0.9987,0.4618,0.5477
2026,2026_Alpha_Delta_Pi,#AA0518;#302540;#946755;#6F493B;#52221A;#D0A097;#B58174;#E3BEC2;#CD207F;#DEA02D,0.2257;0.1251;0.1079;0.1044;0.1029;0.0972;0.0951;0.0736;0.0434;0.0247,3,bing,0.9893,0.5660,0.5917
2026,2026_Alpha_Phi,#482814;#B48D6F;#7C3819;#795F58;#EECD68;#A76829;#383050;#E5AB28;#E8CDA3;#A2B7D0,0.1714;0.1280;0.1261;0.1197;0.1083;0.0986;0.0882;0.0700;0.0652;0.0245,4,bing,0.0626,0.5594,0.5924
2026,2026_Beta_Upsilon_Chi,#54347B;#B18816;#A49048;#78673A;#56451C;#892E29;#331E3E;#F1E8C3;#CCC07D;#9D87AF,0.3333;0.1663;0.1118;0.0759;0.0690;0.0585;0.0538;0.0449;0.0433;0.0431,1,bing,0.9761,0.5905,0.5583
2026,2026_Chi_Omega_and_Alpha_Tau_Omega,#462B22;#906A49;#893E2E;#AD9150;#614D3C;#D4BC62;#BD9D81;#E6D196;#887586;#AEAFCF,0.1813;0.1356;0.1277;0.1208;0.1048;0.0952;0.0830;0.0754;0.0408;0.0353,1,bing,0.0675,0.4650,0.5759
2026,2026_Delta_Delta_Delta,#CAA491;#B2CAE7;#E2C8B4;#7F5E4B;#9C8575;#483634;#C7845F;#88ABD3;#608BA8;#36657C,0.1504;0.1390;0.1249;0.1182;0.1166;0.1009;0.0820;0.0733;0.0503;0.0445,5,bing,0.0369,0.3209,0.6938
2026,2026_Delta_Tau_Delta,#A58C74;#886F58;#C2A38F;#625143;#E1C3B4;#413329;#AFBFDD;#233554;#4C668A;#7990B3,0.1437;0.1387;0.1329;0.1209;0.1067;0.0999;0.0892;0.0598;0.0578;0.0503,5,bing,0.0555,0.3188,0.5978
2026,2026_Kappa_Alpha_Order,#C6A587;#3A3736;#9E6747;#BC8866;#73492D;#8A986C;#6A6151;#4D2814;#DFC7AC;#BF172A,0.1333;0.1325;0.1324;0.1245;0.1126;0.1007;0.0858;0.0775;0.0757;0.0250,5,bing,0.0804,0.3960,0.5623
2026,2026_Kappa_Alpha_Theta,#4A2301;#273337;#0E63E2;#615B3E;#94AFD6;#9C8760;#DEC29A;#1E6D15;#577193;#E5BA1A,0.4245;0.1495;0.1157;0.1044;0.0564;0.0491;0.0310;0.0288;0.0287;0.0120,4,bing,0.1299,0.6998,0.4416
2026,2026_Kappa_Chi_Alpha_and_Beta_Theta_Pi,#4F111F;#2C2C3D;#684942;#981114;#C39064;#79687A;#ED0D48;#E1C4B4;#A79AC2;#84047A,0.2480;0.1417;0.0954;0.0892;0.0891;0.0853;0.0773;0.0690;0.0574;0.0475,5,bing,0.9307,0.5490,0.5128
2026,2026_Kappa_Kappa_Gamma,#E9BEB7;#382F38;#D2A398;#13238F;#B18378;#667097;#484C5E;#7B5A46;#9AA1C3;#EEED05,0.1762;0.1652;0.1551;0.1314;0.0919;0.0709;0.0698;0.0672;0.0399;0.0325,4,bing,0.9059,0.3592,0.6234
2026,2026_Kappa_Omega_Tau,#A78D67;#C6A889;#E2C9AA;#422821;#5E423A;#8A604B;#212E44;#0C396B;#53708F;#A4B6D1,0.2248;0.1250;0.1216;0.1181;0.1127;0.0918;0.0891;0.0751;0.0220;0.0198,5,bing,0.0641,0.4249,0.5577
2026,2026_Kappa_Sigma,#342945;#DFB3AA;#C29C8C;#F3CABE;#987A6F;#4F506F;#68789C;#6D4451;#A3A5CD;#A85A9A,0.2151;0.1736;0.1493;0.1275;0.0760;0.0685;0.0622;0.0613;0.0376;0.0288,1,bing,0.9182,0.3031,0.6337
2026,2026_Phi_Kappa_Chi,#446BB4;#784A2F;#4C2D1D;#A46F49;#D69961;#EEC3A1;#6E91BD;#273D59;#ADAEE9;#C12E17,0.1629;0.1339;0.1283;0.1258;0.1035;0.0880;0.0861;0.0852;0.0635;0.0227,3,bing,0.9930,0.5373,0.6350
2026,2026_Sigma_Alpha_Epsilon,#6F6949;#554D37;#39332B;#8A825A;#433A6E;#8AABC6;#AF9E6E;#757898;#BCCCEC;#D5AF9F,0.1435;0.1409;0.1385;0.1312;0.1083;0.0946;0.0922;0.0615;0.0468;0.0426,4,bing,0.1056,0.3271,0.5103
2026,2026_Sing_Alliance,#492518;#7E3E24;#D1A089;#E8D0B8;#A17654;#686269;#E1903B;#23225E;#EB3649;#3E2EB9,0.2097;0.1525;0.1366;0.1289;0.1141;0.0679;0.0539;0.0534;0.0507;0.0324,5,bing,0.0296,0.5197,0.6020
2026,2026_Zeta_Tau_Alpha_and_Sigma_Chi,#462821;#B68F82;#734839;#826968;#B16A4F;#EAA97F;#523D68;#DBCCC1;#8491B9;#7ED69B,0.1616;0.1608;0.1374;0.1228;0.0933;0.0870;0.0824;0.0789;0.0465;0.0294,3,bing,0.0239,0.3855,0.5880
